{"stat.useItem.minecraft.redstone_block":231,"stat.crouchOneCm":12233,"stat.useItem.minecraft.stained_glass_pane":2,"stat.useItem.minecraft.packed_ice":17,"stat.useItem.minecraft.wooden_door":1,"stat.useItem.minecraft.stained_glass":889,"achievement.openInventory":180,"stat.useItem.minecraft.cobblestone":25,"stat.useItem.minecraft.sticky_piston":358,"stat.useItem.minecraft.stone_button":42,"achievement.exploreAllBiomes":{"value":0,"progress":["Desert"]},"stat.useItem.minecraft.brick_block":4,"stat.useItem.minecraft.bedrock":48,"stat.flyOneCm":1239441,"stat.useItem.minecraft.hardened_clay":4,"stat.useItem.minecraft.clay":4,"stat.useItem.minecraft.stone":16,"stat.useItem.minecraft.coal_ore":3,"stat.useItem.minecraft.furnace":162,"stat.useItem.minecraft.redstone":820,"stat.drop":8,"stat.useItem.minecraft.dropper":1,"stat.useItem.minecraft.jukebox":1,"stat.useItem.minecraft.hopper":1,"stat.useItem.minecraft.repeater":210,"stat.useItem.minecraft.stone_pressure_plate":9,"stat.leaveGame":12,"stat.useItem.minecraft.glowstone":45,"stat.useItem.minecraft.glass":7,"stat.useItem.minecraft.sand":21,"stat.useItem.minecraft.stone_slab":21,"stat.timeSinceDeath":417624,"stat.useItem.minecraft.iron_trapdoor":2,"stat.useItem.minecraft.gravel":6,"stat.useItem.minecraft.crafting_table":1,"stat.playOneMinute":417624,"stat.useItem.minecraft.redstone_torch":216,"stat.useItem.minecraft.wool":1375,"stat.useItem.minecraft.mossy_cobblestone":3,"stat.useItem.minecraft.tripwire_hook":107,"stat.jump":462,"stat.useItem.minecraft.cauldron":1,"stat.useItem.minecraft.slime":410,"stat.walkOneCm":270383,"stat.useItem.minecraft.string":83,"stat.useItem.minecraft.trapdoor":1,"stat.useItem.minecraft.sandstone":2043,"stat.useItem.minecraft.sign":23,"stat.sprintOneCm":27567,"stat.useItem.minecraft.dirt":10,"stat.useItem.minecraft.bookshelf":3}